Workbook

Sheet README
A1: Lụa Beauty: Accounts Receivable Aging Report
A2: AR Aging Analysis for Fictional Vietnamese Beauty Brand
A5: About This Project
A6: Lụa Beauty sells skincare and cosmetics wholesale to boutiques, spas, and salons. This project replicates a standard AR aging workflow: extracting raw invoice data, executing data cleaning, generating an Excel aging schedule, and building an interactive Power BI dashboard.
A8: Process
A9: 1. Raw Data
A10: Started with 52-row invoice export containing realistic data issues: different date formats, inconsistent customer name capitalization and spacing, missing information, duplicate invoices, and a negative amount
A11: 2. Data Cleaning
A12: Standardized dates and customer names using PROPER, TRIM, and SUBSTITUTE (to handle apostrophes) and identified duplicate rows using Conditional Formatting (Highlight Duplicate Values) and manual inspection
A13: 3. Aging Calculations
A14: Built formulas using arithmetic, IF, and IFS for Balance Due, Days Past Due, and Aging Bucket (Paid, Current, 1-30, 31-60, 61-90, 90+ Days)
A15: 4. Aging Summary
... A23: • Removed two hidden duplicate invoices found after initial "Highlight Duplicate Values" round because of blank cells (one blank customer name, one blank invoice amount)

Sheet Raw Data
A1: invoice_id | B1: customer | C1: invoice_date | D1: due_date | E1: amount | F1: amount_paid | G1: status
A2: LB-3047 | B2: Mai's Nail & Beauty Bar | C2: 46182 | D2: 46212 | E2: 6252.36 | F2: 6252.36 | G2: paid
A3: LB-3037 | B3: Evergreen Beauty Supply Co. | C3: 46239 | D3: 46269 | E3: 3852.7 | F3: 0 | G3: Open
A4: LB-3019 | B4: Coastal Glow Skincare Studio | C4: 46239 | D4: 46269 | E4: 2481.71 | F4: 594.07 | G4: Partial
A5: LB-3024 | B5: Orchid Lane Boutique | C5: 46154 | D5: 46184 | E5: 7957.77 | F5: 7957.77 | G5: Paid
A6: LB-3011 | C6: 46261 | D6: 46291 | E6: 8431.25 | F6: 4712.71 | G6: Partial
A7: LB-3034 | B7: Silk & Sen Spa | C7: 46205 | D7: 46265 | E7: 1743.28 | F7: 0 | G7: Open
A8: LB-3008 | B8: Coastal Glow Skincare Studio | C8: 46211 | D8: 46241 | E8: 1789.49 | F8: 1789.49 | G8: paid
A9: LB-3006 | B9: Orchid Lane Boutique | C9: 46199 | D9: 46229 | E9: 7690.23 | F9: 4851.41 | G9: Partial
A10: LB-3044 | B10: The Lotus Room | C10: 46188 | D10: 46218 | E10: 1780 | F10: 984.04 | G10: Partial
A11: LB-3014 | B11: Silk & Sen Spa | C11: 46250 | D11: 46280 | E11: 7359.9 | F11: 1705.76 | G11: Partial
A12: LB-3033 | B12: Mai's Nail & Beauty Bar | C12: 46232 | D12: 46262 | E12: 8923.08 | F12: 4203.64 | G12: Partial
A13: LB-3036 | B13: Hana House Boutique | C13: 46259 | D13: 46304 | E13: 6167.75 | F13: 2209.2 | G13: Partial
A14: LB-3005 | B14: Jade Row Cosmetics | C14: 46192 | D14: 46222 | E14: 7493.09 | F14: 0 | G14: Open
A15: LB-3010 | B15: Evergreen Beauty Supply Co. | C15: 46241 | D15: 46271 | E15: 7809.24 | F15: 0 | G15: Open
A16: LB-3006 | B16: Orchid Lane Boutique | C16: 46199 | D16: 46229 | E16: 7690.23 | F16: 4851.41 | G16: Partial
A17: LB-3026 | B17: Saigon Sun Wellness | C17: 46166 | D17: 46211 | E17: 2035.13 | F17: 2035.13 | G17: PAID
A18: LB-3004 | B18: Coastal Glow Skincare Studio | C18: 46250 | D18: 46280 | E18: 8821.34 | F18: 8821.34 | G18: Paid
... A26: LB-3029 | B26: The Lotus Room | C26: 46215 | D26: 46245 | E26: 2815.12 | F26: 2815.12 | G26: Paid
A27: LB-3016 | B27: evergreen beauty supply co. | C27: 46214 | D27: 46244 | F27: 0 | G27: Open
A28: LB-3042 | B28: Coastal Glow Skincare Studio | C28: 46192 | D28: 46222 | E28: 6700.87 | F28: 6700.87 | G28: paid
A29: LB-3028 | B29: Bloom District Beauty Co. | C29: 46176 | D29: 46206 | E29: 7435.24 | F29: 7435.24 | G29: Paid
A30: LB-3009 | B30: Hana House Boutique | C30: 46188 | D30: 46218 | E30: 5077.14 | F30: 5077.14 | G30: PAID
A31: LB-3045 | B31: Orchid Lane Boutique | C31: 46156 | D31: 46186 | E31: 5178.47 | F31: 0 | G31: Open
A32: LB-3032 | B32: Bloom District Beauty Co. | C32: 46236 | D32: 46281 | E32: 2874.46 | F32: 0 | G32: Open
A33: LB-3039 | B33: Pearl & Palm Spa | C33: 46242 | D33: 46302 | E33: 2697.02 | F33: 0 | G33: Open
A34: LB-3002 | B34: silk & sen spa | C34: 46240 | D34: 46300 | E34: 5677.87 | F34: 3168.31 | G34: Partial
A35: LB-3035 | B35: Orchid Lane Boutique | C35: 46193 | D35: 46223 | E35: 6325.63 | F35: 6325.63 | G35: Paid
A36: LB-3040 | B36: Jade Row Cosmetics | C36: 46163 | D36: 46223 | E36: 6576.33 | F36: 4561.45 | G36: Partial
A37: LB-3020 | B37: Pearl & Palm Spa | C37: 46171 | D37: 46201 | E37: 1486.26 | F37: 705.83 | G37: Partial
A38: LB-3023 | B38: Hana House Boutique | C38: 46199 | D38: 46229 | E38: 5557.7 | F38: 5557.7 | G38: paid
A39: LB-3030 | B39: Silk & Sen Spa | C39: 46200 | D39: 46230 | E39: 8925.62 | F39: 0 | G39: Open
... A53: LB-3012 | B53: Bloom District Beauty Co. | C53: 46156 | D53: 46201 | E53: 1614.41 | F53: 1614.41 | G53: paid

Sheet Cleaned Data
A1: As Of Date: | B1: 46270
A3: Invoice_ID | B3: Customer | C3: Invoice_Date | D3: Due_Date | E3: Amount | F3: Amount_Paid | G3: Balance Due | H3: Days Past Due | I3: Aging Bucket | J3: Status | K3: Notes
A4: LB-3047 | B4: Mai's Nail & Beauty Bar | C4: 46182 | D4: 46212 | E4: 6252.36 | F4: 6252.36 | G4: =E4-F4 -> 0 | H4: =IF(G4<=0,0,MAX($B$1-D4,0)) -> 0 | I4: {=_xlfn.IFS(G4<=0,"Paid",H4=0, "Current",H4<=30,"1-30 Days",H4<=60,"31-60 Days",H4<=90,"61-90 Days",TRUE,"90+ Days")} -> Paid | J4: Paid
A5: LB-3037 | B5: Evergreen Beauty Supply Co. | C5: 46239 | D5: 46269 | E5: 3852.7 | F5: 0 | G5: =E5-F5 -> 3852.7 | H5: =IF(G5<=0,0,MAX($B$1-D5,0)) -> 1 | I5: {=_xlfn.IFS(G5<=0,"Paid",H5=0, "Current",H5<=30,"1-30 Days",H5<=60,"31-60 Days",H5<=90,"61-90 Days",TRUE,"90+ Days")} -> 1-30 Days | J5: Open
A6: LB-3019 | B6: Coastal Glow Skincare Studio | C6: 46239 | D6: 46269 | E6: 2481.71 | F6: 594.07 | G6: =E6-F6 -> 1887.64 | H6: =IF(G6<=0,0,MAX($B$1-D6,0)) -> 1 | I6: {=_xlfn.IFS(G6<=0,"Paid",H6=0, "Current",H6<=30,"1-30 Days",H6<=60,"31-60 Days",H6<=90,"61-90 Days",TRUE,"90+ Days")} -> 1-30 Days | J6: Partial
A7: LB-3024 | B7: Orchid Lane Boutique | C7: 46154 | D7: 46184 | E7: 7957.77 | F7: 7957.77 | G7: =E7-F7 -> 0 | H7: =IF(G7<=0,0,MAX($B$1-D7,0)) -> 0 | I7: {=_xlfn.IFS(G7<=0,"Paid",H7=0, "Current",H7<=30,"1-30 Days",H7<=60,"31-60 Days",H7<=90,"61-90 Days",TRUE,"90+ Days")} -> Paid | J7: Paid | K7: Missing customer, flagged for follow-up
A8: LB-3034 | B8: Silk & Sen Spa | C8: 46205 | D8: 46265 | E8: 1743.28 | F8: 0 | G8: =E8-F8 -> 1743.28 | H8: =IF(G8<=0,0,MAX($B$1-D8,0)) -> 5 | I8: {=_xlfn.IFS(G8<=0,"Paid",H8=0, "Current",H8<=30,"1-30 Days",H8<=60,"31-60 Days",H8<=90,"61-90 Days",TRUE,"90+ Days")} -> 1-30 Days | J8: Open
A9: LB-3008 | B9: Coastal Glow Skincare Studio | C9: 46211 | D9: 46241 | E9: 1789.49 | F9: 1789.49 | G9: =E9-F9 -> 0 | H9: =IF(G9<=0,0,MAX($B$1-D9,0)) -> 0 | I9: {=_xlfn.IFS(G9<=0,"Paid",H9=0, "Current",H9<=30,"1-30 Days",H9<=60,"31-60 Days",H9<=90,"61-90 Days",TRUE,"90+ Days")} -> Paid | J9: Paid
A10: LB-3006 | B10: Orchid Lane Boutique | C10: 46199 | D10: 46229 | E10: 7690.23 | F10: 4851.41 | G10: =E10-F10 -> 2838.82 | H10: =IF(G10<=0,0,MAX($B$1-D10,0)) -> 41 | I10: {=_xlfn.IFS(G10<=0,"Paid",H10=0, "Current",H10<=30,"1-30 Days",H10<=60,"31-60 Days",H10<=90,"61-90 Days",TRUE,"90+ Days")} -> 31-60 Days | J10: Partial
A11: LB-3044 | B11: The Lotus Room | C11: 46188 | D11: 46218 | E11: 1780 | F11: 984.04 | G11: =E11-F11 -> 795.96 | H11: =IF(G11<=0,0,MAX($B$1-D11,0)) -> 52 | I11: {=_xlfn.IFS(G11<=0,"Paid",H11=0, "Current",H11<=30,"1-30 Days",H11<=60,"31-60 Days",H11<=90,"61-90 Days",TRUE,"90+ Days")} -> 31-60 Days | J11: Partial
A12: LB-3014 | B12: Silk & Sen Spa | C12: 46250 | D12: 46280 | E12: 7359.9 | F12: 1705.76 | G12: =E12-F12 -> 5654.14 | H12: =IF(G12<=0,0,MAX($B$1-D12,0)) -> 0 | I12: {=_xlfn.IFS(G12<=0,"Paid",H12=0, "Current",H12<=30,"1-30 Days",H12<=60,"31-60 Days",H12<=90,"61-90 Days",TRUE,"90+ Days")} -> Current | J12: Partial
A13: LB-3033 | B13: Mai's Nail & Beauty Bar | C13: 46232 | D13: 46262 | E13: 8923.08 | F13: 4203.64 | G13: =E13-F13 -> 4719.44 | H13: =IF(G13<=0,0,MAX($B$1-D13,0)) -> 8 | I13: {=_xlfn.IFS(G13<=0,"Paid",H13=0, "Current",H13<=30,"1-30 Days",H13<=60,"31-60 Days",H13<=90,"61-90 Days",TRUE,"90+ Days")} -> 1-30 Days | J13: Partial
A14: LB-3036 | B14: Hana House Boutique | C14: 46259 | D14: 46304 | E14: 6167.75 | F14: 2209.2 | G14: =E14-F14 -> 3958.55 | H14: =IF(G14<=0,0,MAX($B$1-D14,0)) -> 0 | I14: {=_xlfn.IFS(G14<=0,"Paid",H14=0, "Current",H14<=30,"1-30 Days",H14<=60,"31-60 Days",H14<=90,"61-90 Days",TRUE,"90+ Days")} -> Current | J14: Partial
A15: LB-3005 | B15: Jade Row Cosmetics | C15: 46192 | D15: 46222 | E15: 7493.09 | F15: 0 | G15: =E15-F15 -> 7493.09 | H15: =IF(G15<=0,0,MAX($B$1-D15,0)) -> 48 | I15: {=_xlfn.IFS(G15<=0,"Paid",H15=0, "Current",H15<=30,"1-30 Days",H15<=60,"31-60 Days",H15<=90,"61-90 Days",TRUE,"90+ Days")} -> 31-60 Days | J15: Open
A16: LB-3010 | B16: Evergreen Beauty Supply Co. | C16: 46241 | D16: 46271 | E16: 7809.24 | F16: 0 | G16: =E16-F16 -> 7809.24 | H16: =IF(G16<=0,0,MAX($B$1-D16,0)) -> 0 | I16: {=_xlfn.IFS(G16<=0,"Paid",H16=0, "Current",H16<=30,"1-30 Days",H16<=60,"31-60 Days",H16<=90,"61-90 Days",TRUE,"90+ Days")} -> Current | J16: Open
A17: LB-3026 | B17: Saigon Sun Wellness | C17: 46166 | D17: 46211 | E17: 2035.13 | F17: 2035.13 | G17: =E17-F17 -> 0 | H17: =IF(G17<=0,0,MAX($B$1-D17,0)) -> 0 | I17: {=_xlfn.IFS(G17<=0,"Paid",H17=0, "Current",H17<=30,"1-30 Days",H17<=60,"31-60 Days",H17<=90,"61-90 Days",TRUE,"90+ Days")} -> Paid | J17: Paid
A18: LB-3004 | B18: Coastal Glow Skincare Studio | C18: 46250 | D18: 46280 | E18: 8821.34 | F18: 8821.34 | G18: =E18-F18 -> 0 | H18: =IF(G18<=0,0,MAX($B$1-D18,0)) -> 0 | I18: {=_xlfn.IFS(G18<=0,"Paid",H18=0, "Current",H18<=30,"1-30 Days",H18<=60,"31-60 Days",H18<=90,"61-90 Days",TRUE,"90+ Days")} -> Paid | J18: Paid
A19: LB-3001 | B19: Evergreen Beauty Supply Co. | C19: 46238 | D19: 46268 | E19: 1584.91 | F19: 1584.91 | G19: =E19-F19 -> 0 | H19: =IF(G19<=0,0,MAX($B$1-D19,0)) -> 0 | I19: {=_xlfn.IFS(G19<=0,"Paid",H19=0, "Current",H19<=30,"1-30 Days",H19<=60,"31-60 Days",H19<=90,"61-90 Days",TRUE,"90+ Days")} -> Paid | J19: Paid
... A52: LB-3012 | B52: Bloom District Beauty Co. | C52: 46156 | D52: 46201 | E52: 1614.41 | F52: 1614.41 | G52: =E52-F52 -> 0 | H52: =IF(G52<=0,0,MAX($B$1-D52,0)) -> 0 | I52: {=_xlfn.IFS(G52<=0,"Paid",H52=0, "Current",H52<=30,"1-30 Days",H52<=60,"31-60 Days",H52<=90,"61-90 Days",TRUE,"90+ Days")} -> Paid | J52: Paid
A53: Total | G53: =SUM(G4:G52) -> 133088.54

Sheet Aging Summary
A1: As Of Date: | B1: 46270
A3: Customer | B3: Current | C3: 1-30 Days | D3: 31-60 Days | E3: 61-90 Days | F3: 90+ Days | G3: Total Outstanding
A4: Mai's Nail & Beauty Bar | B4: =SUMIFS('Cleaned Data'!$G$4:$G$52,'Cleaned Data'!$B$4:$B$52,'Aging Summary'!$A4,'Cleaned Data'!$I$4:$I$52,'Aging Summary'!B$3) -> 0 | C4: =SUMIFS('Cleaned Data'!$G$4:$G$52,'Cleaned Data'!$B$4:$B$52,'Aging Summary'!$A4,'Cleaned Data'!$I$4:$I$52,'Aging Summary'!C$3) -> 4719.44 | D4: =SUMIFS('Cleaned Data'!$G$4:$G$52,'Cleaned Data'!$B$4:$B$52,'Aging Summary'!$A4,'Cleaned Data'!$I$4:$I$52,'Aging Summary'!D$3) -> 13785.77 | E4: =SUMIFS('Cleaned Data'!$G$4:$G$52,'Cleaned Data'!$B$4:$B$52,'Aging Summary'!$A4,'Cleaned Data'!$I$4:$I$52,'Aging Summary'!E$3) -> 8989.42 | F4: =SUMIFS('Cleaned Data'!$G$4:$G$52,'Cleaned Data'!$B$4:$B$52,'Aging Summary'!$A4,'Cleaned Data'!$I$4:$I$52,'Aging Summary'!F$3) -> 0 | G4: =SUM(B4:F4) -> 27494.63
A5: Evergreen Beauty Supply Co. | B5: =SUMIFS('Cleaned Data'!$G$4:$G$52,'Cleaned Data'!$B$4:$B$52,'Aging Summary'!$A5,'Cleaned Data'!$I$4:$I$52,'Aging Summary'!B$3) -> 7809.24 | C5: =SUMIFS('Cleaned Data'!$G$4:$G$52,'Cleaned Data'!$B$4:$B$52,'Aging Summary'!$A5,'Cleaned Data'!$I$4:$I$52,'Aging Summary'!C$3) -> 16442.11 | D5: =SUMIFS('Cleaned Data'!$G$4:$G$52,'Cleaned Data'!$B$4:$B$52,'Aging Summary'!$A5,'Cleaned Data'!$I$4:$I$52,'Aging Summary'!D$3) -> 0 | E5: =SUMIFS('Cleaned Data'!$G$4:$G$52,'Cleaned Data'!$B$4:$B$52,'Aging Summary'!$A5,'Cleaned Data'!$I$4:$I$52,'Aging Summary'!E$3) -> 0 | F5: =SUMIFS('Cleaned Data'!$G$4:$G$52,'Cleaned Data'!$B$4:$B$52,'Aging Summary'!$A5,'Cleaned Data'!$I$4:$I$52,'Aging Summary'!F$3) -> 0 | G5: =SUM(B5:F5) -> 24251.35
A6: Coastal Glow Skincare Studio | B6: =SUMIFS('Cleaned Data'!$G$4:$G$52,'Cleaned Data'!$B$4:$B$52,'Aging Summary'!$A6,'Cleaned Data'!$I$4:$I$52,'Aging Summary'!B$3) -> 0 | C6: =SUMIFS('Cleaned Data'!$G$4:$G$52,'Cleaned Data'!$B$4:$B$52,'Aging Summary'!$A6,'Cleaned Data'!$I$4:$I$52,'Aging Summary'!C$3) -> 1887.64 | D6: =SUMIFS('Cleaned Data'!$G$4:$G$52,'Cleaned Data'!$B$4:$B$52,'Aging Summary'!$A6,'Cleaned Data'!$I$4:$I$52,'Aging Summary'!D$3) -> 0 | E6: =SUMIFS('Cleaned Data'!$G$4:$G$52,'Cleaned Data'!$B$4:$B$52,'Aging Summary'!$A6,'Cleaned Data'!$I$4:$I$52,'Aging Summary'!E$3) -> 772.05 | F6: =SUMIFS('Cleaned Data'!$G$4:$G$52,'Cleaned Data'!$B$4:$B$52,'Aging Summary'!$A6,'Cleaned Data'!$I$4:$I$52,'Aging Summary'!F$3) -> 0 | G6: =SUM(B6:F6) -> 2659.69
A7: Orchid Lane Boutique | B7: =SUMIFS('Cleaned Data'!$G$4:$G$52,'Cleaned Data'!$B$4:$B$52,'Aging Summary'!$A7,'Cleaned Data'!$I$4:$I$52,'Aging Summary'!B$3) -> 0 | C7: =SUMIFS('Cleaned Data'!$G$4:$G$52,'Cleaned Data'!$B$4:$B$52,'Aging Summary'!$A7,'Cleaned Data'!$I$4:$I$52,'Aging Summary'!C$3) -> 0 | D7: =SUMIFS('Cleaned Data'!$G$4:$G$52,'Cleaned Data'!$B$4:$B$52,'Aging Summary'!$A7,'Cleaned Data'!$I$4:$I$52,'Aging Summary'!D$3) -> 2838.82 | E7: =SUMIFS('Cleaned Data'!$G$4:$G$52,'Cleaned Data'!$B$4:$B$52,'Aging Summary'!$A7,'Cleaned Data'!$I$4:$I$52,'Aging Summary'!E$3) -> 5178.47 | F7: =SUMIFS('Cleaned Data'!$G$4:$G$52,'Cleaned Data'!$B$4:$B$52,'Aging Summary'!$A7,'Cleaned Data'!$I$4:$I$52,'Aging Summary'!F$3) -> 0 | G7: =SUM(B7:F7) -> 8017.29
A8: Silk & Sen Spa | B8: =SUMIFS('Cleaned Data'!$G$4:$G$52,'Cleaned Data'!$B$4:$B$52,'Aging Summary'!$A8,'Cleaned Data'!$I$4:$I$52,'Aging Summary'!B$3) -> 8163.7 | C8: =SUMIFS('Cleaned Data'!$G$4:$G$52,'Cleaned Data'!$B$4:$B$52,'Aging Summary'!$A8,'Cleaned Data'!$I$4:$I$52,'Aging Summary'!C$3) -> 1743.28 | D8: =SUMIFS('Cleaned Data'!$G$4:$G$52,'Cleaned Data'!$B$4:$B$52,'Aging Summary'!$A8,'Cleaned Data'!$I$4:$I$52,'Aging Summary'!D$3) -> 8925.62 | E8: =SUMIFS('Cleaned Data'!$G$4:$G$52,'Cleaned Data'!$B$4:$B$52,'Aging Summary'!$A8,'Cleaned Data'!$I$4:$I$52,'Aging Summary'!E$3) -> 9069.21 | F8: =SUMIFS('Cleaned Data'!$G$4:$G$52,'Cleaned Data'!$B$4:$B$52,'Aging Summary'!$A8,'Cleaned Data'!$I$4:$I$52,'Aging Summary'!F$3) -> 0 | G8: =SUM(B8:F8) -> 27901.81
A9: The Lotus Room | B9: =SUMIFS('Cleaned Data'!$G$4:$G$52,'Cleaned Data'!$B$4:$B$52,'Aging Summary'!$A9,'Cleaned Data'!$I$4:$I$52,'Aging Summary'!B$3) -> 3577.17 | C9: =SUMIFS('Cleaned Data'!$G$4:$G$52,'Cleaned Data'!$B$4:$B$52,'Aging Summary'!$A9,'Cleaned Data'!$I$4:$I$52,'Aging Summary'!C$3) -> 0 | D9: =SUMIFS('Cleaned Data'!$G$4:$G$52,'Cleaned Data'!$B$4:$B$52,'Aging Summary'!$A9,'Cleaned Data'!$I$4:$I$52,'Aging Summary'!D$3) -> 795.96 | E9: =SUMIFS('Cleaned Data'!$G$4:$G$52,'Cleaned Data'!$B$4:$B$52,'Aging Summary'!$A9,'Cleaned Data'!$I$4:$I$52,'Aging Summary'!E$3) -> 0 | F9: =SUMIFS('Cleaned Data'!$G$4:$G$52,'Cleaned Data'!$B$4:$B$52,'Aging Summary'!$A9,'Cleaned Data'!$I$4:$I$52,'Aging Summary'!F$3) -> 0 | G9: =SUM(B9:F9) -> 4373.13
A10: Hana House Boutique | B10: =SUMIFS('Cleaned Data'!$G$4:$G$52,'Cleaned Data'!$B$4:$B$52,'Aging Summary'!$A10,'Cleaned Data'!$I$4:$I$52,'Aging Summary'!B$3) -> 3958.55 | C10: =SUMIFS('Cleaned Data'!$G$4:$G$52,'Cleaned Data'!$B$4:$B$52,'Aging Summary'!$A10,'Cleaned Data'!$I$4:$I$52,'Aging Summary'!C$3) -> 2290.99 | D10: =SUMIFS('Cleaned Data'!$G$4:$G$52,'Cleaned Data'!$B$4:$B$52,'Aging Summary'!$A10,'Cleaned Data'!$I$4:$I$52,'Aging Summary'!D$3) -> 0 | E10: =SUMIFS('Cleaned Data'!$G$4:$G$52,'Cleaned Data'!$B$4:$B$52,'Aging Summary'!$A10,'Cleaned Data'!$I$4:$I$52,'Aging Summary'!E$3) -> 0 | F10: =SUMIFS('Cleaned Data'!$G$4:$G$52,'Cleaned Data'!$B$4:$B$52,'Aging Summary'!$A10,'Cleaned Data'!$I$4:$I$52,'Aging Summary'!F$3) -> 0 | G10: =SUM(B10:F10) -> 6249.54
A11: Jade Row Cosmetics | B11: =SUMIFS('Cleaned Data'!$G$4:$G$52,'Cleaned Data'!$B$4:$B$52,'Aging Summary'!$A11,'Cleaned Data'!$I$4:$I$52,'Aging Summary'!B$3) -> 3718.54 | C11: =SUMIFS('Cleaned Data'!$G$4:$G$52,'Cleaned Data'!$B$4:$B$52,'Aging Summary'!$A11,'Cleaned Data'!$I$4:$I$52,'Aging Summary'!C$3) -> 4711.57 | D11: =SUMIFS('Cleaned Data'!$G$4:$G$52,'Cleaned Data'!$B$4:$B$52,'Aging Summary'!$A11,'Cleaned Data'!$I$4:$I$52,'Aging Summary'!D$3) -> 9507.97 | E11: =SUMIFS('Cleaned Data'!$G$4:$G$52,'Cleaned Data'!$B$4:$B$52,'Aging Summary'!$A11,'Cleaned Data'!$I$4:$I$52,'Aging Summary'!E$3) -> 224.22 | F11: =SUMIFS('Cleaned Data'!$G$4:$G$52,'Cleaned Data'!$B$4:$B$52,'Aging Summary'!$A11,'Cleaned Data'!$I$4:$I$52,'Aging Summary'!F$3) -> 0 | G11: =SUM(B11:F11) -> 18162.3
A12: Saigon Sun Wellness | B12: =SUMIFS('Cleaned Data'!$G$4:$G$52,'Cleaned Data'!$B$4:$B$52,'Aging Summary'!$A12,'Cleaned Data'!$I$4:$I$52,'Aging Summary'!B$3) -> 0 | C12: =SUMIFS('Cleaned Data'!$G$4:$G$52,'Cleaned Data'!$B$4:$B$52,'Aging Summary'!$A12,'Cleaned Data'!$I$4:$I$52,'Aging Summary'!C$3) -> 0 | D12: =SUMIFS('Cleaned Data'!$G$4:$G$52,'Cleaned Data'!$B$4:$B$52,'Aging Summary'!$A12,'Cleaned Data'!$I$4:$I$52,'Aging Summary'!D$3) -> 0 | E12: =SUMIFS('Cleaned Data'!$G$4:$G$52,'Cleaned Data'!$B$4:$B$52,'Aging Summary'!$A12,'Cleaned Data'!$I$4:$I$52,'Aging Summary'!E$3) -> 0 | F12: =SUMIFS('Cleaned Data'!$G$4:$G$52,'Cleaned Data'!$B$4:$B$52,'Aging Summary'!$A12,'Cleaned Data'!$I$4:$I$52,'Aging Summary'!F$3) -> 0 | G12: =SUM(B12:F12) -> 0
A13: Pearl & Palm Spa | B13: =SUMIFS('Cleaned Data'!$G$4:$G$52,'Cleaned Data'!$B$4:$B$52,'Aging Summary'!$A13,'Cleaned Data'!$I$4:$I$52,'Aging Summary'!B$3) -> 2697.02 | C13: =SUMIFS('Cleaned Data'!$G$4:$G$52,'Cleaned Data'!$B$4:$B$52,'Aging Summary'!$A13,'Cleaned Data'!$I$4:$I$52,'Aging Summary'!C$3) -> 0 | D13: =SUMIFS('Cleaned Data'!$G$4:$G$52,'Cleaned Data'!$B$4:$B$52,'Aging Summary'!$A13,'Cleaned Data'!$I$4:$I$52,'Aging Summary'!D$3) -> 0 | E13: =SUMIFS('Cleaned Data'!$G$4:$G$52,'Cleaned Data'!$B$4:$B$52,'Aging Summary'!$A13,'Cleaned Data'!$I$4:$I$52,'Aging Summary'!E$3) -> 780.43 | F13: =SUMIFS('Cleaned Data'!$G$4:$G$52,'Cleaned Data'!$B$4:$B$52,'Aging Summary'!$A13,'Cleaned Data'!$I$4:$I$52,'Aging Summary'!F$3) -> 0 | G13: =SUM(B13:F13) -> 3477.45
A14: Bloom District Beauty Co. | B14: =SUMIFS('Cleaned Data'!$G$4:$G$52,'Cleaned Data'!$B$4:$B$52,'Aging Summary'!$A14,'Cleaned Data'!$I$4:$I$52,'Aging Summary'!B$3) -> 2874.46 | C14: =SUMIFS('Cleaned Data'!$G$4:$G$52,'Cleaned Data'!$B$4:$B$52,'Aging Summary'!$A14,'Cleaned Data'!$I$4:$I$52,'Aging Summary'!C$3) -> 8036.89 | D14: =SUMIFS('Cleaned Data'!$G$4:$G$52,'Cleaned Data'!$B$4:$B$52,'Aging Summary'!$A14,'Cleaned Data'!$I$4:$I$52,'Aging Summary'!D$3) -> 0 | E14: =SUMIFS('Cleaned Data'!$G$4:$G$52,'Cleaned Data'!$B$4:$B$52,'Aging Summary'!$A14,'Cleaned Data'!$I$4:$I$52,'Aging Summary'!E$3) -> 0 | F14: =SUMIFS('Cleaned Data'!$G$4:$G$52,'Cleaned Data'!$B$4:$B$52,'Aging Summary'!$A14,'Cleaned Data'!$I$4:$I$52,'Aging Summary'!F$3) -> 0 | G14: =SUM(B14:F14) -> 10911.35
A15: Total | G15: =SUM(G4:G14) -> 133498.54
